姓,名,メールアドレス,初期パスワード（必ず変更お願いします！！）
Nagaoka,Hidehiro,hidehiro.nagaoka+demojp1@gmail.com,24tgqrgr
RIngi,Taro,hidehiro.nagaoka+demojp2@gmail.com,24tgqrgr
Kuwahara,Masayuki,hidehiro.nagaoka+demojp3@gmail.com,24tgqrgr
Shibata,Tatsuhiro,hidehiro.nagaoka+demojp4@gmail.com,24tgqrgr
Tsutsugo,Yoshitomo,hidehiro.nagaoka+demojp5@gmail.com,24tgqrgr
Lopez,Jose,hidehiro.nagaoka+demojp6@gmail.com,24tgqrgr
Kajitani,Takayuki,hidehiro.nagaoka+demojp7@gmail.com,24tgqrgr
Minei,Hiroki,hidehiro.nagaoka+demojp8@gmail.com,24tgqrgr
Ishikawa,Takehiro,hidehiro.nagaoka+demojp9@gmail.com,24tgqrgr
Wieland,Joseph,hidehiro.nagaoka+demojp10@gmail.com,24tgqrgr
Kuramoto,Toshihiko,hidehiro.nagaoka+demojp11@gmail.com,24tgqrgr